{"cameraMode":{"drawMode":0,"name":"Shaded","section":"Shading Mode"},"sceneLighting":false,"audioPlay":false,"sceneViewState":{"m_AlwaysRefresh":false,"showFog":true,"showSkybox":false,"showFlares":true,"showImageEffects":true,"showParticleSystems":true,"showVisualEffectGraphs":true,"m_FxEnabled":true},"in2DMode":false,"pivot":{"x":1.1920928955078126e-7,"y":0.7535274624824524,"z":0.016364753246307374},"rotation":{"x":0.2958697974681854,"y":-0.4033551812171936,"z":0.1396539956331253,"w":0.8545552492141724},"size":1.191494345664978,"orthographic":false}